{
    "Linear Regression": {
        "name": "Linear Regression",
        "mae": 16368.466164450645,
        "rmse": 35193.69188618393,
        "r2": 0.8455143693242115
    },
    "KNN (k=5)": {
        "name": "KNN (k=5)",
        "mae": 26039.188737201366,
        "rmse": 42278.97838106167,
        "r2": 0.7770500371996036
    },
    "Random Forest": {
        "name": "Random Forest",
        "mae": 15752.149645904436,
        "rmse": 26826.26784832846,
        "r2": 0.9102408051848364
    }
}